{"cameraMode":{"drawMode":0,"name":"Shaded","section":"Shading Mode"},"sceneLighting":true,"audioPlay":false,"sceneViewState":{"m_AlwaysRefresh":false,"showFog":true,"showSkybox":true,"showFlares":true,"showImageEffects":true,"showParticleSystems":true,"showVisualEffectGraphs":true,"m_FxEnabled":true},"in2DMode":false,"pivot":{"x":-2.0076346397399904,"y":0.6909283995628357,"z":-5.361227035522461},"rotation":{"x":-0.1754000037908554,"y":0.10405802726745606,"z":-0.018646663054823877,"w":-0.9788404107093811},"size":1.905809760093689,"orthographic":false}